severity,ssg_rule,title,oscap_verdict,triage,pavois_equivalent,decision,reason,issue_url,owner,status
high,grub2_uefi_password,Set the UEFI Boot Loader Password,fail,backlog,,candidate,"UEFI password variant not yet mapped (a BIOS GRUB password control exists); console-access threat model, lower priority for headless/cloud.",,,todo
high,package_ntp_installed,Install the ntp service,fail,backlog,,intentional-alternative,"One of three mutually-exclusive time-sync backends (ntp/chrony/timesyncd); pavois maps time-sync-present generically, not a specific package.",,,todo
high,package_timesyncd_installed,Install the systemd_timesyncd Service,fail,backlog,,intentional-alternative,"Time-sync backend alternative; covered generically by time-sync-present, not per-package.",,,todo
high,selinux_not_disabled,Ensure SELinux is Not Disabled,fail,backlog,,mac-alternative,Debian ships AppArmor as its MAC stack; SELinux-specific rules are intentionally not mapped on Debian (pavois covers MAC via AppArmor).,,,todo
high,selinux_state,Ensure SELinux State is Enforcing,fail,backlog,,mac-alternative,"AppArmor is the Debian MAC stack; SELinux enforcing is N/A here, MAC is covered via AppArmor controls.",,,todo
high,service_timesyncd_enabled,Enable systemd_timesyncd Service,fail,backlog,,intentional-alternative,Time-sync backend alternative; covered generically by time-sync-present.,,,todo
high,gnome_gdm_disable_xdmcp,Disable XDMCP in GDM,notapplicable,n/a,,,,,,
high,service_ntp_enabled,Enable the NTP Daemon,notapplicable,n/a,,,,,,
high,snmpd_not_default_password,Ensure Default SNMP Password Is Not Used,notapplicable,n/a,,,,,,
high,sshd_allow_only_protocol2,Allow Only SSH Protocol 2,notapplicable,n/a,,,,,,
high,no_empty_passwords_etc_shadow,Ensure There Are No Accounts With Blank or Null Passwords,pass,already-pass,,,,,,
high,service_sshd_disabled,Disable SSH Server If Possible,pass,already-pass,,,,,,
high,sshd_enable_x11_forwarding,Enable Encrypted X11 Forwarding,pass,already-pass,,,,,,
medium,account_passwords_pam_faillock_audit,Account Lockouts Must Be Logged,fail,backlog,,,,,,todo
medium,accounts_logon_fail_delay,Ensure the Logon Failure Delay is Set Correctly in login.defs,fail,backlog,,,,,,todo
medium,accounts_password_pam_pwhistory_remember,Limit Password Reuse,fail,backlog,,,,,,todo
medium,accounts_passwords_pam_faillock_interval,Set Interval For Counting Failed Password Attempts,fail,backlog,,,,,,todo
medium,aide_check_audit_tools,Configure AIDE to Verify the Audit Tools,fail,backlog,,,,,,todo
medium,aide_periodic_cron_checking,Configure Periodic Execution of AIDE,fail,backlog,,,,,,todo
medium,aide_scan_notification,Configure Notification of Post-AIDE Scan Details,fail,backlog,,,,,,todo
medium,coredump_disable_backtraces,Disable core dump backtraces,fail,backlog,,,,,,todo
medium,coredump_disable_storage,Disable storing core dump,fail,backlog,,,,,,todo
medium,disable_users_coredumps,Disable Core Dumps for All Users,fail,backlog,,,,,,todo
medium,file_permission_user_init_files,Ensure All User Initialization Files Have Mode 0740 Or Less Permissive,fail,backlog,,,,,,todo
medium,file_permissions_home_directories,All Interactive User Home Directories Must Have mode 0750 Or Less Permissive,fail,backlog,,,,,,todo
medium,file_permissions_home_dirs,Ensure that User Home Directories are not Group-Writable or World-Readable,fail,backlog,,,,,,todo
medium,firewall_single_service_active,Ensure Only One Firewall Service is Active,fail,backlog,,,,,,todo
medium,grub2_disable_recovery,Disable Recovery Booting,fail,backlog,,,,,,todo
medium,grub2_enable_apparmor,Ensure AppArmor is enabled in the bootloader configuration,fail,backlog,,,,,,todo
medium,harden_ssh_client_crypto_policy,Harden SSH client Crypto Policy,fail,backlog,,,,,,todo
medium,journald_disable_forward_to_syslog,Ensure journald ForwardToSyslog is disabled,fail,backlog,,,,,,todo
medium,journald_forward_to_syslog,Ensure journald is configured to send logs to rsyslog,fail,backlog,,,,,,todo
medium,kernel_config_default_mmap_min_addr,Configure Low Address Space To Protect From User Allocation,fail,backlog,,,,,,todo
medium,kernel_config_ipv6,Disable the IPv6 protocol,fail,backlog,,,,,,todo
medium,kernel_config_module_sig_hash,Specify the hash to use when signing modules,fail,backlog,,,,,,todo
medium,kernel_config_module_sig_key,Specify module signing key to use,fail,backlog,,,,,,todo
medium,kernel_module_ipv6_option_disabled,Disable IPv6 Networking Support Automatic Loading,fail,backlog,,,,,,todo
medium,kernel_module_uvcvideo_disabled,Disable the uvcvideo module,fail,backlog,,,,,,todo
medium,ntp_single_service_active,Ensure a Single Time Synchronization Service is in Use,fail,backlog,,,,,,todo
medium,package_MFEhiplsm_installed,Install the Host Intrusion Prevention System (HIPS) Module,fail,backlog,,,,,,todo
medium,package_audit-audispd-plugins_installed,Ensure the default plugins for the audit dispatcher are Installed,fail,backlog,,,,,,todo
medium,package_chrony_installed,The Chrony package is installed,fail,backlog,,,,,,todo
medium,package_gnutls-utils_installed,Ensure gnutls-utils is installed,fail,backlog,,,,,,todo
medium,package_iptables_installed,Install iptables Package,fail,backlog,,,,,,todo
medium,package_nftables_installed,Install nftables Package,fail,backlog,,,,,,todo
medium,package_nss-tools_installed,Ensure nss-tools is installed,fail,backlog,,,,,,todo
medium,package_openssh-server_removed,Remove the OpenSSH Server Package,fail,backlog,,,,,,todo
medium,package_rsyslog-gnutls_installed,Ensure rsyslog-gnutls is installed,fail,backlog,,,,,,todo
medium,package_rsyslog_installed,Ensure rsyslog is Installed,fail,backlog,,,,,,todo
medium,package_syslogng_installed,Ensure syslog-ng is Installed,fail,backlog,,,,,,todo
medium,package_ufw_installed,Install ufw Package,fail,backlog,,,,,,todo
medium,postfix_client_configure_mail_alias,Configure System to Forward All Mail For The Root Account,fail,backlog,,,,,,todo
medium,postfix_client_configure_mail_alias_postmaster,Configure System to Forward All Mail From Postmaster to The Root Account,fail,backlog,,,,,,todo
medium,rsyslog_filecreatemode,Ensure rsyslog Default File Permissions Configured,fail,backlog,,,,,,todo
medium,rsyslog_remote_loghost,Ensure Logs Sent To Remote Host,fail,backlog,,,,,,todo
medium,rsyslog_remote_tls,Configure TLS for rsyslog remote logging,fail,backlog,,,,,,todo
medium,rsyslog_remote_tls_cacert,Configure CA certificate for rsyslog remote logging,fail,backlog,,,,,,todo
medium,service_chronyd_or_ntpd_enabled,Enable the NTP Daemon,fail,backlog,,,,,,todo
medium,service_ip6tables_enabled,Verify ip6tables Enabled if Using IPv6,fail,backlog,,,,,,todo
medium,service_rsyslog_enabled,Enable rsyslog Service,fail,backlog,,,,,,todo
medium,service_timesyncd_configured,Configure Systemd Timesyncd Servers,fail,backlog,,,,,,todo
medium,set_password_hashing_algorithm_systemauth,Set PAM Password Hashing Algorithm - system-auth,fail,backlog,,,,,,todo
medium,sshd_disable_compression,Disable Compression Or Set Compression to delayed,fail,backlog,,,,,,todo
medium,sshd_disable_kerb_auth,Disable Kerberos Authentication,fail,backlog,,,,,,todo
medium,sshd_disable_pubkey_auth,Disable PubkeyAuthentication Authentication,fail,backlog,,,,,,todo
medium,sshd_disable_rhosts_rsa,Disable SSH Support for Rhosts RSA Authentication,fail,backlog,,,,,,todo
medium,sshd_disable_root_password_login,Disable SSH root Login with a Password (Insecure),fail,backlog,,,,,,todo
medium,sshd_disable_tcp_forwarding,Disable SSH TCP Forwarding,fail,backlog,,,,,,todo
medium,sshd_disable_user_known_hosts,Disable SSH Support for User Known Hosts,fail,backlog,,,,,,todo
medium,sshd_disable_x11_forwarding,Disable X11 Forwarding,fail,backlog,,,,,,todo
medium,sshd_enable_gssapi_auth,Enable GSSAPI Authentication,fail,backlog,,,,,,todo
medium,sshd_enable_pubkey_auth,Enable Public Key Authentication,fail,backlog,,,,,,todo
medium,sshd_enable_strictmodes,Enable Use of Strict Mode Checking,fail,backlog,,,,,,todo
medium,sshd_enable_warning_banner,Enable SSH Warning Banner,fail,backlog,,,,,,todo
medium,sshd_print_last_log,Enable SSH Print Last Log,fail,backlog,,,,,,todo
medium,sshd_rekey_limit,Force frequent session key renegotiation,fail,backlog,,,,,,todo
medium,sshd_set_keepalive_0,Set SSH Client Alive Count Max to zero,fail,backlog,,,,,,todo
medium,sudo_dedicated_group,Ensure a dedicated group owns sudo,fail,backlog,,,,,,todo
medium,sudo_remove_nopasswd,Ensure Users Re-Authenticate for Privilege Escalation - sudo NOPASSWD,fail,backlog,,,,,,todo
medium,sudo_vdsm_nopasswd,Only the VDSM User Can Use sudo NOPASSWD,fail,backlog,,,,,,todo
medium,sudoers_explicit_command_args,Explicit arguments in sudo specifications,fail,backlog,,,,,,todo
medium,sudoers_no_root_target,Don't target root user in the sudoers file,fail,backlog,,,,,,todo
medium,sysctl_kernel_unprivileged_bpf_disabled,Disable Access to Network bpf() Syscall From Unprivileged Processes,fail,backlog,,,,,,todo
medium,sysctl_net_ipv6_conf_all_disable_ipv6,Disable IPv6 Addressing on All IPv6 Interfaces,fail,backlog,,,,,,todo
medium,sysctl_net_ipv6_conf_default_disable_ipv6,Disable IPv6 Addressing on IPv6 Interfaces by Default,fail,backlog,,,,,,todo
medium,systemd_journal_upload_server_tls,"Configure systemd-journal-upload TLS parameters: ServerKeyFile, ServerCertificateFile and TrustedCertificateFile",fail,backlog,,,,,,todo
medium,systemd_journal_upload_url,Configure systemd-journal-upload URL,fail,backlog,,,,,,todo
medium,audit_privileged_commands_init,Ensure auditd Collects Information on the Use of Privileged Commands - init,notapplicable,n/a,,,,,,
medium,audit_privileged_commands_poweroff,Ensure auditd Collects Information on the Use of Privileged Commands - poweroff,notapplicable,n/a,,,,,,
medium,audit_privileged_commands_reboot,Ensure auditd Collects Information on the Use of Privileged Commands - reboot,notapplicable,n/a,,,,,,
medium,audit_privileged_commands_shutdown,Ensure auditd Collects Information on the Use of Privileged Commands - shutdown,notapplicable,n/a,,,,,,
medium,audit_rules_dac_modification_chown,Record Events that Modify the System's Discretionary Access Controls - chown,notapplicable,n/a,,,,,,
medium,audit_rules_dac_modification_fchmod,Record Events that Modify the System's Discretionary Access Controls - fchmod,notapplicable,n/a,,,,,,
medium,audit_rules_dac_modification_fchmodat,Record Events that Modify the System's Discretionary Access Controls - fchmodat,notapplicable,n/a,,,,,,
medium,audit_rules_dac_modification_fchown,Record Events that Modify the System's Discretionary Access Controls - fchown,notapplicable,n/a,,,,,,
medium,audit_rules_dac_modification_fchownat,Record Events that Modify the System's Discretionary Access Controls - fchownat,notapplicable,n/a,,,,,,
medium,audit_rules_dac_modification_fremovexattr,Record Events that Modify the System's Discretionary Access Controls - fremovexattr,notapplicable,n/a,,,,,,
medium,audit_rules_dac_modification_fsetxattr,Record Events that Modify the System's Discretionary Access Controls - fsetxattr,notapplicable,n/a,,,,,,
medium,audit_rules_dac_modification_lchown,Record Events that Modify the System's Discretionary Access Controls - lchown,notapplicable,n/a,,,,,,
medium,audit_rules_dac_modification_lremovexattr,Record Events that Modify the System's Discretionary Access Controls - lremovexattr,notapplicable,n/a,,,,,,
medium,audit_rules_dac_modification_lsetxattr,Record Events that Modify the System's Discretionary Access Controls - lsetxattr,notapplicable,n/a,,,,,,
medium,audit_rules_dac_modification_removexattr,Record Events that Modify the System's Discretionary Access Controls - removexattr,notapplicable,n/a,,,,,,
medium,audit_rules_dac_modification_setxattr,Record Events that Modify the System's Discretionary Access Controls - setxattr,notapplicable,n/a,,,,,,
medium,audit_rules_dac_modification_umount,Record Events that Modify the System's Discretionary Access Controls - umount,notapplicable,n/a,,,,,,
medium,audit_rules_dac_modification_umount2,Record Events that Modify the System's Discretionary Access Controls - umount2,notapplicable,n/a,,,,,,
medium,audit_rules_execution_chcon,Record Any Attempts to Run chcon,notapplicable,n/a,,,,,,
medium,audit_rules_execution_setfacl,Record Any Attempts to Run setfacl,notapplicable,n/a,,,,,,
medium,audit_rules_file_deletion_events,Ensure auditd Collects File Deletion Events by User,notapplicable,n/a,,,,,,
medium,audit_rules_file_deletion_events_renameat,Ensure auditd Collects File Deletion Events by User - renameat,notapplicable,n/a,,,,,,
medium,audit_rules_file_deletion_events_rmdir,Ensure auditd Collects File Deletion Events by User - rmdir,notapplicable,n/a,,,,,,
medium,audit_rules_file_deletion_events_unlink,Ensure auditd Collects File Deletion Events by User - unlink,notapplicable,n/a,,,,,,
medium,audit_rules_file_deletion_events_unlinkat,Ensure auditd Collects File Deletion Events by User - unlinkat,notapplicable,n/a,,,,,,
medium,audit_rules_kernel_module_loading,Ensure auditd Collects Information on Kernel Module Loading and Unloading,notapplicable,n/a,,,,,,
medium,audit_rules_kernel_module_loading_create,Ensure auditd Collects Information on Kernel Module Unloading - create_module,notapplicable,n/a,,,,,,
medium,audit_rules_kernel_module_loading_delete,Ensure auditd Collects Information on Kernel Module Unloading - delete_module,notapplicable,n/a,,,,,,
medium,audit_rules_kernel_module_loading_finit,Ensure auditd Collects Information on Kernel Module Loading and Unloading - finit_module,notapplicable,n/a,,,,,,
medium,audit_rules_kernel_module_loading_init,Ensure auditd Collects Information on Kernel Module Loading - init_module,notapplicable,n/a,,,,,,
medium,audit_rules_kernel_module_loading_query,Ensure auditd Collects Information on Kernel Module Loading and Unloading - query_module,notapplicable,n/a,,,,,,
medium,audit_rules_login_events,Record Attempts to Alter Logon and Logout Events,notapplicable,n/a,,,,,,
medium,audit_rules_login_events_faillock,Record Attempts to Alter Logon and Logout Events - faillock,notapplicable,n/a,,,,,,
medium,audit_rules_login_events_lastlog,Record Attempts to Alter Logon and Logout Events - lastlog,notapplicable,n/a,,,,,,
medium,audit_rules_login_events_tallylog,Record Attempts to Alter Logon and Logout Events - tallylog,notapplicable,n/a,,,,,,
medium,audit_rules_mac_modification_etc_apparmor,Record Events that Modify the System's Mandatory Access Controls (/etc/apparmor),notapplicable,n/a,,,,,,
medium,audit_rules_mac_modification_etc_apparmor_d,Record Events that Modify the System's Mandatory Access Controls (/etc/apparmor.d),notapplicable,n/a,,,,,,
medium,audit_rules_mac_modification_usr_share,Record Events that Modify the System's Mandatory Access Controls in usr/share,notapplicable,n/a,,,,,,
medium,audit_rules_privileged_commands,Ensure auditd Collects Information on the Use of Privileged Commands,notapplicable,n/a,,,,,,
medium,audit_rules_privileged_commands_insmod,Ensure auditd Collects Information on the Use of Privileged Commands - insmod,notapplicable,n/a,,,,,,
medium,audit_rules_privileged_commands_kmod,Ensure auditd Collects Information on the Use of Privileged Commands - kmod,notapplicable,n/a,,,,,,
medium,audit_rules_privileged_commands_modprobe,Ensure auditd Collects Information on the Use of Privileged Commands - modprobe,notapplicable,n/a,,,,,,
medium,audit_rules_privileged_commands_sudo,Ensure auditd Collects Information on the Use of Privileged Commands - sudo,notapplicable,n/a,,,,,,
medium,audit_rules_privileged_commands_usermod,Ensure auditd Collects Information on the Use of Privileged Commands - usermod,notapplicable,n/a,,,,,,
medium,audit_rules_session_events,Record Attempts to Alter Process and Session Initiation Information,notapplicable,n/a,,,,,,
medium,audit_rules_session_events_btmp,Record Attempts to Alter Process and Session Initiation Information btmp,notapplicable,n/a,,,,,,
medium,audit_rules_session_events_utmp,Record Attempts to Alter Process and Session Initiation Information utmp,notapplicable,n/a,,,,,,
medium,audit_rules_session_events_wtmp,Record Attempts to Alter Process and Session Initiation Information wtmp,notapplicable,n/a,,,,,,
medium,audit_rules_time_settimeofday,Record attempts to alter time through settimeofday,notapplicable,n/a,,,,,,
medium,audit_rules_time_stime,Record Attempts to Alter Time Through stime,notapplicable,n/a,,,,,,
medium,audit_rules_time_watch_localtime,Record Attempts to Alter the localtime File,notapplicable,n/a,,,,,,
medium,audit_rules_unsuccessful_file_modification,Ensure auditd Collects Unauthorized Access Attempts to Files (unsuccessful),notapplicable,n/a,,,,,,
medium,audit_rules_unsuccessful_file_modification_creat,Record Unsuccessful Access Attempts to Files - creat,notapplicable,n/a,,,,,,
medium,audit_rules_unsuccessful_file_modification_ftruncate,Record Unsuccessful Access Attempts to Files - ftruncate,notapplicable,n/a,,,,,,
medium,audit_rules_unsuccessful_file_modification_open,Record Unsuccessful Access Attempts to Files - open,notapplicable,n/a,,,,,,
medium,audit_rules_unsuccessful_file_modification_open_by_handle_at,Record Unsuccessful Access Attempts to Files - open_by_handle_at,notapplicable,n/a,,,,,,
medium,audit_rules_unsuccessful_file_modification_openat,Record Unsuccessful Access Attempts to Files - openat,notapplicable,n/a,,,,,,
medium,audit_rules_unsuccessful_file_modification_truncate,Record Unsuccessful Access Attempts to Files - truncate,notapplicable,n/a,,,,,,
medium,audit_rules_usergroup_modification,Record Events that Modify User/Group Information,notapplicable,n/a,,,,,,
medium,audit_rules_usergroup_modification_gshadow,Record Events that Modify User/Group Information - /etc/gshadow,notapplicable,n/a,,,,,,
medium,audit_rules_usergroup_modification_nsswitch_conf,Record Events that Modify User/Group Information - /etc/nsswitch.conf,notapplicable,n/a,,,,,,
medium,audit_rules_usergroup_modification_opasswd,Record Events that Modify User/Group Information - /etc/security/opasswd,notapplicable,n/a,,,,,,
medium,audit_rules_usergroup_modification_pam_conf,Record Events that Modify User/Group Information - /etc/pam.conf,notapplicable,n/a,,,,,,
medium,audit_rules_usergroup_modification_pamd,Record Events that Modify User/Group Information - /etc/pam.d/,notapplicable,n/a,,,,,,
medium,audit_rules_usergroup_modification_passwd,Record Events that Modify User/Group Information - /etc/passwd,notapplicable,n/a,,,,,,
medium,audit_rules_usergroup_modification_shadow,Record Events that Modify User/Group Information - /etc/shadow,notapplicable,n/a,,,,,,
medium,audit_sudo_log_events,Record Attempts to perform maintenance activities,notapplicable,n/a,,,,,,
medium,auditd_audispd_syslog_plugin_activated,Configure auditd to use audispd's syslog plugin,notapplicable,n/a,,,,,,
medium,auditd_data_disk_error_action,Configure auditd Disk Error Action on Disk Error,notapplicable,n/a,,,,,,
medium,auditd_data_disk_error_action_stig,Configure auditd Disk Error Action on Disk Error,notapplicable,n/a,,,,,,
medium,auditd_data_disk_full_action,Configure auditd Disk Full Action when Disk Space Is Full,notapplicable,n/a,,,,,,
medium,auditd_data_disk_full_action_stig,Configure auditd Disk Full Action when Disk Space Is Full,notapplicable,n/a,,,,,,
medium,auditd_data_retention_max_log_file_action,Configure auditd max_log_file_action Upon Reaching Maximum Log Size,notapplicable,n/a,,,,,,
medium,auditd_data_retention_max_log_file_action_stig,Configure auditd max_log_file_action Upon Reaching Maximum Log Size,notapplicable,n/a,,,,,,
medium,auditd_data_retention_num_logs,Configure auditd Number of Logs Retained,notapplicable,n/a,,,,,,
medium,auditd_freq,Set number of records to cause an explicit flush to audit logs,notapplicable,n/a,,,,,,
medium,auditd_local_events,Include Local Events in Audit Logs,notapplicable,n/a,,,,,,
medium,auditd_overflow_action,Appropriate Action Must be Setup When the Internal Audit Event Queue is Full,notapplicable,n/a,,,,,,
medium,auditd_write_logs,Write Audit Logs to the Disk,notapplicable,n/a,,,,,,
medium,check_ufw_active,Verify ufw Active,notapplicable,n/a,,,,,,
medium,chronyd_configure_pool_and_server,Chrony Configure Pool and Server,notapplicable,n/a,,,,,,
medium,chronyd_run_as_chrony_user,Ensure that chronyd is running under chrony user account,notapplicable,n/a,,,,,,
medium,chronyd_server_directive,Ensure Chrony is only configured with the server directive,notapplicable,n/a,,,,,,
medium,chronyd_specify_remote_server,A remote time server for Chrony is configured,notapplicable,n/a,,,,,,
medium,dconf_gnome_screensaver_idle_delay,Set GNOME3 Screensaver Inactivity Timeout,notapplicable,n/a,,,,,,
medium,dconf_gnome_screensaver_lock_delay,Set GNOME3 Screensaver Lock Delay After Activation Period,notapplicable,n/a,,,,,,
medium,directory_groupowner_etc_iptables,Verify Group Who Owns /etc/iptables Directory,notapplicable,n/a,,,,,,
medium,directory_groupowner_etc_nftables,Verify Group Who Owns /etc/nftables Directory,notapplicable,n/a,,,,,,
medium,directory_owner_etc_iptables,Verify User Who Owns /etc/iptables Directory,notapplicable,n/a,,,,,,
medium,directory_owner_etc_nftables,Verify User Who Owns /etc/nftables Directory,notapplicable,n/a,,,,,,
medium,directory_permissions_etc_iptables,Verify Permissions On /etc/iptables Directory,notapplicable,n/a,,,,,,
medium,directory_permissions_etc_nftables,Verify Permissions On /etc/nftables Directory,notapplicable,n/a,,,,,,
medium,directory_permissions_var_log_audit,System Audit Logs Must Have Mode 0750 or Less Permissive,notapplicable,n/a,,,,,,
medium,ensure_logrotate_activated,Ensure Logrotate Runs Periodically,notapplicable,n/a,,,,,,
medium,file_group_ownership_var_log_audit,System Audit Logs Must Be Group Owned By Root,notapplicable,n/a,,,,,,
medium,file_ownership_var_log_audit,System Audit Logs Must Be Owned By Root,notapplicable,n/a,,,,,,
medium,file_ownership_var_log_audit_stig,System Audit Logs Must Be Owned By Root,notapplicable,n/a,,,,,,
medium,ip6tables_rules_for_open_ports,Ensure ip6tables Firewall Rules Exist for All Open Ports,notapplicable,n/a,,,,,,
medium,iptables_rules_for_open_ports,Ensure iptables Firewall Rules Exist for All Open Ports,notapplicable,n/a,,,,,,
medium,nftables_ensure_default_deny_policy,Ensure nftables Default Deny Firewall Policy,notapplicable,n/a,,,,,,
medium,nftables_rules_permanent,Ensure nftables Rules are Permanent,notapplicable,n/a,,,,,,
medium,package_iptables-persistent_installed,Install iptables-persistent Package,notapplicable,n/a,,,,,,
medium,package_iptables-persistent_removed,Remove iptables-persistent Package,notapplicable,n/a,,,,,,
medium,postfix_client_configure_relayhost,Configure System to Forward All Mail through a specific host,notapplicable,n/a,,,,,,
medium,rsyslog_encrypt_offload_actionsendstreamdriverauthmode,Ensure Rsyslog Authenticates Off-Loaded Audit Records,notapplicable,n/a,,,,,,
medium,rsyslog_encrypt_offload_actionsendstreamdrivermode,Ensure Rsyslog Encrypts Off-Loaded Audit Records,notapplicable,n/a,,,,,,
medium,rsyslog_encrypt_offload_defaultnetstreamdriver,Ensure Rsyslog Encrypts Off-Loaded Audit Records,notapplicable,n/a,,,,,,
medium,rsyslog_files_groupownership,Ensure Log Files Are Owned By Appropriate Group,notapplicable,n/a,,,,,,
medium,rsyslog_files_ownership,Ensure Log Files Are Owned By Appropriate User,notapplicable,n/a,,,,,,
medium,rsyslog_files_permissions,Ensure System Log Files Have Correct Permissions,notapplicable,n/a,,,,,,
medium,sebool_polyinstantiation_enabled,Configure the polyinstantiation_enabled SELinux Boolean,notapplicable,n/a,,,,,,
medium,service_chronyd_disabled,The Chronyd service is disabled,notapplicable,n/a,,,,,,
medium,service_chronyd_enabled,The Chronyd service is enabled,notapplicable,n/a,,,,,,
medium,service_iptables_enabled,Verify iptables Enabled,notapplicable,n/a,,,,,,
medium,service_nftables_disabled,Verify nftables Service is Disabled,notapplicable,n/a,,,,,,
medium,service_nftables_enabled,Verify nftables Service is Enabled,notapplicable,n/a,,,,,,
medium,service_timesyncd_disabled,Disable systemd_timesyncd Service,notapplicable,n/a,,,,,,
medium,service_ufw_enabled,Verify ufw Enabled,notapplicable,n/a,,,,,,
medium,set_ip6tables_default_rule,Set Default ip6tables Policy for Incoming Packets,notapplicable,n/a,,,,,,
medium,set_iptables_default_rule,Set Default iptables Policy for Incoming Packets,notapplicable,n/a,,,,,,
medium,set_iptables_default_rule_forward,Set Default iptables Policy for Forwarded Packets,notapplicable,n/a,,,,,,
medium,set_ipv6_loopback_traffic,Set configuration for IPv6 loopback traffic,notapplicable,n/a,,,,,,
medium,set_loopback_traffic,Set configuration for loopback traffic,notapplicable,n/a,,,,,,
medium,set_nftables_base_chain,Ensure Base Chains Exist for Nftables,notapplicable,n/a,,,,,,
medium,set_nftables_loopback_traffic,Set nftables Configuration for Loopback Traffic,notapplicable,n/a,,,,,,
medium,set_nftables_table,Ensure a Table Exists for Nftables,notapplicable,n/a,,,,,,
medium,set_ufw_default_rule,Ensure ufw Default Deny Firewall Policy,notapplicable,n/a,,,,,,
medium,set_ufw_loopback_traffic,Set UFW Loopback Traffic,notapplicable,n/a,,,,,,
medium,sshd_use_priv_separation,Enable Use of Privilege Separation,notapplicable,n/a,,,,,,
medium,sssd_enable_pam_services,Configure PAM in SSSD Services,notapplicable,n/a,,,,,,
medium,timer_logrotate_enabled,Enable logrotate Timer,notapplicable,n/a,,,,,,
medium,ufw_rules_for_open_ports,Ensure ufw Firewall Rules Exist for All Open Ports,notapplicable,n/a,,,,,,
medium,zipl_audit_argument,Enable Auditing to Start Prior to the Audit Daemon in zIPL,notapplicable,n/a,,,,,,
medium,zipl_audit_backlog_limit_argument,Extend Audit Backlog Limit for the Audit Daemon in zIPL,notapplicable,n/a,,,,,,
medium,account_passwords_pam_faillock_dir,Account Lockouts Must Persist,notchecked,notchecked,,,,,,
medium,account_use_centralized_automated_auth,Use Centralized and Automated Authentication,notchecked,notchecked,,,,,,
medium,configure_user_data_backups,Configure Backups of User Data,notchecked,notchecked,,,,,,
medium,fapolicyd_prevent_home_folder_access,fapolicyd Must be Configured to Limit Access to Users Home Folders,notchecked,notchecked,,,,,,
medium,kernel_disable_entropy_contribution_for_solid_state_drives,Ensure Solid State Drives Do Not Contribute To Random-Number Entropy Pool,notchecked,notchecked,,,,,,
medium,security_patches_up_to_date,Ensure Software Patches Installed,notchecked,notchecked,,,,,,
medium,account_unique_name,Ensure All Accounts on the System Have Unique Names,pass,already-pass,,,,,,
medium,accounts_password_set_max_life_existing,Set Existing Passwords Maximum Age,pass,already-pass,,,,,,
medium,accounts_password_set_max_life_root,Set Root Account Password Maximum Age,pass,already-pass,,,,,,
medium,accounts_password_set_min_life_existing,Set Existing Passwords Minimum Age,pass,already-pass,,,,,,
medium,accounts_root_path_dirs_no_write,Ensure that Root's Path Does Not Include World or Group-Writable Directories,pass,already-pass,,,,,,
medium,accounts_set_post_pw_existing,Set existing passwords a period of inactivity before they been locked,pass,already-pass,,,,,,
medium,accounts_umask_root,Ensure the Root Bash Umask is Set Correctly,pass,already-pass,,,,,,
medium,dir_ownership_binary_dirs,Verify that System Executable Have Root Ownership,pass,already-pass,,,,,,
medium,dir_ownership_library_dirs,Verify that Shared Library Directories Have Root Ownership,pass,already-pass,,,,,,
medium,dir_permissions_binary_dirs,Verify that System Executable Directories Have Restrictive Permissions,pass,already-pass,,,,,,
medium,dir_permissions_library_dirs,Verify that Shared Library Directories Have Restrictive Permissions,pass,already-pass,,,,,,
medium,dir_perms_world_writable_root_owned,Ensure All World-Writable Directories Are Owned by root User,pass,already-pass,,,,,,
medium,dir_system_commands_root_owned,Verify that system commands directories have root ownership,pass,already-pass,,,,,,
medium,directory_groupowner_etc_selinux,Verify Group Who Owns /etc/selinux Directory,pass,already-pass,,,,,,
medium,directory_owner_etc_selinux,Verify User Who Owns /etc/selinux Directory,pass,already-pass,,,,,,
medium,directory_permissions_etc_selinux,Verify Permissions On /etc/selinux Directory,pass,already-pass,,,,,,
medium,disallow_bypass_password_sudo,Disallow Configuration to Bypass Password Requirements for Privilege Escalation,pass,already-pass,,,,,,
medium,ensure_root_access_controlled,Ensure root account access is controlled,pass,already-pass,,,,,,
medium,file_groupowner_efi_grub2_cfg,Verify the UEFI Boot Loader grub.cfg Group Ownership,pass,already-pass,,,,,,
medium,file_groupowner_efi_user_cfg,Verify /boot/grub2/user.cfg Group Ownership,pass,already-pass,,,,,,
medium,file_groupowner_etc_chrony_keys,Verify Group Who Owns /etc/chrony.keys File,pass,already-pass,,,,,,
medium,file_groupowner_etc_sestatus_conf,Verify Group Who Owns /etc/sestatus.conf File,pass,already-pass,,,,,,
medium,file_groupowner_var_log,Verify Group Who Owns /var/log Directory,pass,already-pass,,,,,,
medium,file_groupowner_var_log_messages,Verify Group Who Owns /var/log/messages File,pass,already-pass,,,,,,
medium,file_groupownership_home_directories,All Interactive User Home Directories Must Be Group-Owned By The Primary Group,pass,already-pass,,,,,,
medium,file_groupownership_sshd_private_key,Verify Group Ownership on SSH Server Private *_key Key Files,pass,already-pass,,,,,,
medium,file_groupownerships_var_log_landscape,Verify Groupownership of Files in /var/log/landscape,pass,already-pass,,,,,,
medium,file_owner_efi_grub2_cfg,Verify the UEFI Boot Loader grub.cfg User Ownership,pass,already-pass,,,,,,
medium,file_owner_efi_user_cfg,Verify /boot/grub2/user.cfg User Ownership,pass,already-pass,,,,,,
medium,file_owner_etc_chrony_keys,Verify User Who Owns /etc/chrony.keys File,pass,already-pass,,,,,,
medium,file_owner_etc_sestatus_conf,Verify User Who Owns /etc/sestatus.conf File,pass,already-pass,,,,,,
medium,file_owner_var_log,Verify User Who Owns /var/log Directory,pass,already-pass,,,,,,
medium,file_owner_var_log_messages,Verify User Who Owns /var/log/messages File,pass,already-pass,,,,,,
medium,file_ownership_home_directories,All Interactive User Home Directories Must Be Owned By The Primary User,pass,already-pass,,,,,,
medium,file_ownership_library_dirs,Verify that Shared Library Files Have Root Ownership,pass,already-pass,,,,,,
medium,file_ownership_sshd_private_key,Verify Ownership on SSH Server Private *_key Key Files,pass,already-pass,,,,,,
medium,file_ownerships_var_log_landscape,Verify Ownership of Files in /var/log/landscape,pass,already-pass,,,,,,
medium,file_permission_user_bash_history,Ensure User Bash History File Has Correct Permissions,pass,already-pass,,,,,,
medium,file_permissions_binary_dirs,Verify that System Executables Have Restrictive Permissions,pass,already-pass,,,,,,
medium,file_permissions_efi_grub2_cfg,Verify the UEFI Boot Loader grub.cfg Permissions,pass,already-pass,,,,,,
medium,file_permissions_efi_user_cfg,Verify /boot/grub2/user.cfg Permissions,pass,already-pass,,,,,,
medium,file_permissions_etc_chrony_keys,Verify Permissions On /etc/chrony.keys File,pass,already-pass,,,,,,
medium,file_permissions_etc_sestatus_conf,Verify Permissions On /etc/sestatus.conf File,pass,already-pass,,,,,,
medium,file_permissions_library_dirs,Verify that Shared Library Files Have Restrictive Permissions,pass,already-pass,,,,,,
medium,file_permissions_sshd_private_key,Verify Permissions on SSH Server Private *_key Key Files,pass,already-pass,,,,,,
medium,file_permissions_var_log,Verify Permissions on /var/log Directory,pass,already-pass,,,,,,
medium,file_permissions_var_log_messages,Verify Permissions on /var/log/messages File,pass,already-pass,,,,,,
medium,file_permissions_var_log_secure,Verify Permissions on /var/log/secure File,pass,already-pass,,,,,,
medium,group_unique_name,Ensure All Groups on the System Have Unique Group Names,pass,already-pass,,,,,,
medium,grub2_nosmap_argument_absent,Ensure SMAP is not disabled during boot,pass,already-pass,,,,,,
medium,grub2_nosmep_argument_absent,Ensure SMEP is not disabled during boot,pass,already-pass,,,,,,
medium,grub2_systemd_debug-shell_argument_absent,Ensure debug-shell service is not enabled during boot,pass,already-pass,,,,,,
medium,has_nonlocal_mta,Ensure Mail Transfer Agent is not Listening on any non-loopback Address,pass,already-pass,,,,,,
medium,kernel_config_panic_timeout,Kernel panic timeout,pass,already-pass,,,,,,
medium,logging_services_active,Ensure One Logging Service Is In Use,pass,already-pass,,,,,,
medium,mount_option_nodev_nonroot_local_partitions,Add nodev Option to Non-Root Local Partitions,pass,already-pass,,,,,,
medium,no_invalid_shell_accounts_unlocked,Verify Non-Interactive Accounts Are Locked,pass,already-pass,,,,,,
medium,package_openssh-server_installed,Install the OpenSSH Server Package,pass,already-pass,,,,,,
medium,package_ufw_removed,Remove ufw Package,pass,already-pass,,,,,,
medium,restrict_serial_port_logins,Restrict Serial Port Root Logins,pass,already-pass,,,,,,
medium,root_path_all_dirs,Ensure that All Entries in The Path of Root Are Directories,pass,already-pass,,,,,,
medium,rsyslog_nolisten,Ensure rsyslog Does Not Accept Remote Messages Unless Acting As Log Server,pass,already-pass,,,,,,
medium,securetty_root_login_console_only,Restrict Virtual Console Root Logins,pass,already-pass,,,,,,
medium,socket_systemd-journal-remote_disabled,Disable systemd-journal-remote Socket,pass,already-pass,,,,,,
medium,sudoers_no_command_negation,Don't define allowed commands in sudoers by means of exclusion,pass,already-pass,,,,,,
low,accounts_max_concurrent_login_sessions,Limit the Number of Concurrent Login Sessions Allowed Per User,fail,backlog,,,,,,todo
low,accounts_polyinstantiated_tmp,Configure Polyinstantiation of /tmp Directories,fail,backlog,,,,,,todo
low,accounts_polyinstantiated_var_tmp,Configure Polyinstantiation of /var/tmp Directories,fail,backlog,,,,,,todo
low,aide_verify_acls,Configure AIDE to Verify Access Control Lists (ACLs),fail,backlog,,,,,,todo
low,aide_verify_ext_attributes,Configure AIDE to Verify Extended Attributes,fail,backlog,,,,,,todo
low,display_login_attempts,Ensure PAM Displays Last Logon/Access Notification,fail,backlog,,,,,,todo
low,auditd_log_format,Resolve information before writing to audit logs,notapplicable,n/a,,,,,,
low,avahi_disable_publishing,Disable Avahi Publishing,notchecked,notchecked,,,,,,
low,no_all_squash_exports,Ensure All-Squashing Disabled On All Exports,notchecked,notchecked,,,,,,
low,package_ntpdate_removed,Uninstall the ntpdate package,pass,already-pass,,,,,,
unknown,apt_sources_list_official,Ensure that official distribution repositories are used,fail,backlog,,,,,,todo
unknown,dhcp_client_restrict_options,Minimize the DHCP-Configured Options,notchecked,notchecked,,,,,,
unknown,dhcp_server_minimize_served_info,Minimize Served Information,notchecked,notchecked,,,,,,
unknown,ftp_configure_firewall,Configure Firewalls to Protect the FTP Server,notchecked,notchecked,,,,,,
unknown,ftp_limit_users,Limit Users Allowed FTP Access if Necessary,notchecked,notchecked,,,,,,
unknown,iptables_sshd_disabled,Remove SSH Server iptables Firewall exception (Unusual),notchecked,notchecked,,,,,,
unknown,rsyslog_accept_remote_messages_tcp,"Enable rsyslog to Accept Messages via TCP, if Acting As Log Server",notchecked,notchecked,,,,,,
unknown,rsyslog_accept_remote_messages_udp,"Enable rsyslog to Accept Messages via UDP, if Acting As Log Server",notchecked,notchecked,,,,,,
unknown,apt_conf_disallow_unauthenticated,Disable unauthenticated repositories in APT configuration,pass,already-pass,,,,,,
unknown,install_PAE_kernel_on_x86-32,Install PAE Kernel on Supported 32-bit x86 Systems,pass,already-pass,,,,,,
unknown,package_ypbind_removed,Remove NIS Client,pass,already-pass,,,,,,
unknown,root_path_no_dot,Ensure that Root's Path Does Not Include Relative Paths or Null Directories,pass,already-pass,,,,,,
unknown,service_netfs_disabled,Disable Network File Systems (netfs),pass,already-pass,,,,,,
